class_name,day,subject,teacher,room,number,time
0а класс,понедельник,математика,Светлана,105,1,09:00-09:45
0а класс,понедельник,сербский язык,Ольга,105,2,09:55-10:35
0а класс,понедельник,чтение,Светлана,105,3,10:50-11:30
0а класс,понедельник,окр. мир,Светлана,105,4,11:50-12:30
0а класс,понедельник,обед, ,,5,12:40-13:20
0а класс,вторник,математика,Светлана,105,1,09:00-09:45
0а класс,вторник,английский язык,Алиса,105,2,09:55-10:35
0а класс,вторник,подготовка руки к письму,Светлана,105,3,10:50-11:30
0а класс,вторник,ИЗО,Наталья,105,4,11:50-12:30
0а класс,вторник,обед, ,,5,12:40-13:20
0а класс,среда,сербский язык,Ольга,105,1,09:00-09:45
0а класс,среда,Обучение грамоте,Ника,105,2,09:55-10:35
0а класс,среда,труд,Светлана,105,3,10:50-11:30
0а класс,среда,физкультура,Денис,,4,11:50-12:30
0а класс,среда,обед, ,,5,12:40-13:20
0а класс,четверг,музыка,Мария,105,1,09:00-09:45
0а класс,четверг,математика,Светлана,105,2,09:55-10:35
0а класс,четверг,ИЗО,Наталья,105,3,10:50-11:30
0а класс,четверг,театр,Митя,105,4,11:50-12:30
0а класс,четверг,обед, ,,5,12:40-13:20
0а класс,пятница,чтение,Светлана,105,1,09:00-09:45
0а класс,пятница,английский язык,Алиса,105,2,09:55-10:35
0а класс,пятница,окр. мир,Светлана,105,3,10:50-11:30
0а класс,пятница,труд,Светлана,105,4,11:50-12:30
0а класс,пятница,обед, ,,5,12:40-13:20
0б класс,понедельник,Обучение грамоте,Ника,106,1,09:00-09:45
0б класс,понедельник,театр,Митя,106,2,09:55-10:35
0б класс,понедельник,сербский язык,Ольга,106,3,10:50-11:30
0б класс,понедельник,музыка,Мария,106,4,11:50-12:30
0б класс,понедельник,обед, ,,5,12:40-13:20
0б класс,вторник,ИЗО,Наталья,106,1,09:00-09:45
0б класс,вторник,подготовка руки к письму,Светлана,106,2,09:55-10:35
0б класс,вторник,английский язык,Алиса,106,3,10:50-11:30
0б класс,вторник,математика,Светлана,106,4,11:50-12:30
0б класс,вторник,обед, ,,5,12:40-13:20
0б класс,среда,окр. мир,Светлана,106,1,09:00-09:45
0б класс,среда,чтение,Светлана,106,2,09:55-10:35
0б класс,среда,сербский язык,Ольга,106,3,10:50-11:30
0б класс,среда,физкультура,Денис,,4,11:50-12:30
0б класс,среда,обед, ,,5,12:40-13:20
0б класс,четверг,математика,Светлана,106,1,09:00-09:45
0б класс,четверг,английский язык,Алиса,106,2,09:55-10:35
0б класс,четверг,окр. мир,Светлана,106,3,10:50-11:30
0б класс,четверг,труд,Светлана,106,4,11:50-12:30
0б класс,четверг,обед, ,,5,12:40-13:20
0б класс,пятница,ИЗО,Наталья,106,1,09:00-09:45
0б класс,пятница,математика,Светлана,106,2,09:55-10:35
0б класс,пятница,тренинг,Людмила,106,3,10:50-11:30
0б класс,пятница,чтение,Юля,106,4,11:50-12:30
0б класс,пятница,обед, ,,5,12:40-13:20
1а класс,понедельник,чтение,Алиса,111,1,09:00-09:45
1а класс,понедельник,русский язык,Алиса,111,2,09:55-10:35
1а класс,понедельник,математика,Алиса,111,3,10:50-11:30
1а класс,понедельник,сербский язык,Ольга,111,4,11:50-12:30
1а класс,понедельник,обед, ,,5,12:40-13:20
1а класс,вторник,чтение,Алиса,111,1,09:00-09:45
1а класс,вторник,творчество,Маша,-21,2,09:55-10:35
1а класс,вторник,ИЗО,Наталья,111,3,10:50-11:30
1а класс,вторник,русский язык,Алиса,111,4,11:50-12:30
1а класс,вторник,обед, ,,5,12:40-13:20
1а класс,среда,чтение,Алиса,111,1,09:00-09:45
1а класс,среда,сербский язык,Ольга,111,2,09:55-10:35
1а класс,среда,русский язык,Алиса,111,3,10:50-11:30
1а класс,среда,математика,Алиса,111,4,11:50-12:30
1а класс,среда,обед, ,,5,12:40-13:20
1а класс,четверг,русский язык,Алиса,111,1,09:00-09:45
1а класс,четверг,ИЗО,Наталья,111,2,09:55-10:35
1а класс,четверг,математика,Алиса,111,3,10:50-11:30
1а класс,четверг,каллиграфия,Мария Владимировна,111,4,11:50-12:30
1а класс,четверг,обед, ,,5,12:40-13:20
1а класс,пятница,русский язык,Алиса,111,1,09:00-09:45
1а класс,пятница,музыка,Мария,-21,2,09:55-10:35
1а класс,пятница,математика,Алиса,111,3,10:50-11:30
1а класс,пятница,окр мир,Алиса,111,4,11:50-12:30
1а класс,пятница,обед, ,,5,12:40-13:20
1с класс,понедельник,русский,Александра,108,1,09:00-09:45
1с класс,понедельник,ИЗО,Наталья,108,2,09:55-10:35
1с класс,понедельник,окр мир,Александра,108,3,10:50-11:30
1с класс,понедельник,английский язык,Алиса,108,4,11:50-12:30
1с класс,понедельник,обед, ,,5,12:40-13:20
1с класс,вторник,русский,Александра,108,1,09:00-09:45
1с класс,вторник,математика,Александра,108,2,09:55-10:35
1с класс,вторник,каллиграфия,Мария Владимировна,108,3,10:50-11:30
1с класс,вторник,тренинг,Людмила,108,4,11:50-12:30
1с класс,вторник,обед, ,,5,12:40-13:20
1с класс,среда,окр мир,Александра,108,1,09:00-09:45
1с класс,среда,английский язык,Алиса,108,2,09:55-10:35
1с класс,среда,математика,Александра,108,3,10:50-11:30
1с класс,среда,чтение,Александра,108,4,11:50-12:30
1с класс,среда,обед, ,,5,12:40-13:20
1с класс,четверг,русский,Александра,108,1,09:00-09:45
1с класс,четверг,математика,Александра,108,2,09:55-10:35
1с класс,четверг,чтение,Александра,108,3,10:50-11:30
1с класс,четверг,английский язык,Алиса,108,4,11:50-12:30
1с класс,четверг,обед, ,,5,12:40-13:20
1с класс,пятница,математика,Александра,108,1,09:00-09:45
1с класс,пятница,русский,Александра,108,2,09:55-10:35
1с класс,пятница,творчество,Маша,-21,3,10:50-11:30
1с класс,пятница,чтение,Александра,108,4,11:50-12:30
1с класс,пятница,обед, ,,5,12:40-13:20
1р класс,понедельник,английский язык,Митя,113,1,09:00-09:45
1р класс,понедельник,русский язык,Ника,113,2,09:55-10:35
1р класс,понедельник,математика,Ника,113,3,10:50-11:30
1р класс,понедельник,Окружающий мир,Ника,113,4,11:50-12:30
1р класс,понедельник,чтение,Ника,113,5,12:40-13:20
1р класс,понедельник,обед / прогулка, ,,6,13:30-14:10
1р класс,вторник,русский язык,Ника,113,1,09:00-09:45
1р класс,вторник,математика,Ника,113,2,09:55-10:35
1р класс,вторник,чтение,Ника,113,3,10:50-11:30
1р класс,вторник,физическая культура,Ника,113,4,11:50-12:30
1р класс,вторник,ИЗО,Ника,113,5,12:40-13:20
1р класс,вторник,обед / прогулка, ,,6,13:30-14:10
1р класс,среда,русский язык,Ника,113,1,09:00-09:45
1р класс,среда,английский язык,Митя,113,2,09:55-10:35
1р класс,среда,труд,Николай,113,3,10:50-11:30
1р класс,среда,математика,Ника,113,4,11:50-12:30
1р класс,среда,музыка,Ника,113,5,12:40-13:20
1р класс,среда,обед / прогулка, ,,6,13:30-14:10
1р класс,четверг,русский язык,Ника,113,1,09:00-09:45
1р класс,четверг,математика,Ника,113,2,09:55-10:35
1р класс,четверг,чтение,Ника,113,3,10:50-11:30
1р класс,четверг,физическая культура,Ника,113,4,11:50-12:30
1р класс,четверг,труд,Ника,113,5,12:40-13:20
1р класс,четверг,обед / прогулка, ,,6,13:30-14:10
1р класс,пятница,русский язык,Ника,113,1,09:00-09:45
1р класс,пятница,тренинг,Людмила,113,2,09:55-10:35
1р класс,пятница,чтение,Ника,113,3,10:50-11:30
1р класс,пятница,Окружающий мир,Ника,113,4,11:50-12:30
1р класс,пятница,ИЗО,Ника,113,5,12:40-13:20
1р класс,пятница,обед / прогулка, ,,6,13:30-14:10
1м класс,понедельник,сербский язык,Ольга,110,1,09:00-09:45
1м класс,понедельник,математика,Мария Владимировна,110,2,09:55-10:35
1м класс,понедельник,русский язык,Мария Владимировна,110,3,10:50-11:30
1м класс,понедельник,чтение,Мария Владимировна,110,4,11:50-12:30
1м класс,понедельник,обед, ,,5,12:40-13:20
1м класс,вторник,окр. мир,Мария Владимировна,110,1,09:00-09:45
1м класс,вторник,математика,Мария Владимировна,110,2,09:55-10:35
1м класс,вторник,английский,Аня,110,3,10:50-11:30
1м класс,вторник,русский язык,Мария Владимировна,110,4,11:50-12:30
1м класс,вторник,обед, ,,5,12:40-13:20
1м класс,среда,чтение,Мария Владимировна,110,1,09:00-09:45
1м класс,среда,математика,Мария Владимировна,110,2,09:55-10:35
1м класс,среда,английский,Аня,110,3,10:50-11:30
1м класс,среда,сербский язык,Ольга,110,4,11:50-12:30
1м класс,среда,обед, ,,5,12:40-13:20
1м класс,четверг,окр. мир,Мария Владимировна,110,1,09:00-09:45
1м класс,четверг,русский язык,Мария Владимировна,110,2,09:55-10:35
1м класс,четверг,английский,Аня,110,3,10:50-11:30
1м класс,четверг,ИЗО,Наталья,110,4,11:50-12:30
1м класс,четверг,обед, ,,5,12:40-13:20
1м класс,пятница,математика,Мария Владимировна,110,1,09:00-09:45
1м класс,пятница,русский язык,Мария Владимировна,110,2,09:55-10:35
1м класс,пятница,чтение,Мария Владимировна,110,3,10:50-11:30
1м класс,пятница,ИЗО,Наталья,110,4,11:50-12:30
1м класс,пятница,обед, ,,5,12:40-13:20
2 класс,понедельник,математика,Анастасия,112,1,09:00-09:45
2 класс,понедельник,музыка,Мария,-21,2,09:55-10:35
2 класс,понедельник,русский,Анастасия,112,3,10:50-11:30
2 класс,понедельник,ИЗО,Наталья,112,4,11:50-12:30
2 класс,понедельник,лит. чтение,Аня,112,5,12:40-13:20
2 класс,понедельник,обед, ,,6,13:30-14:10
2 класс,вторник,русский,Анастасия,112,1,09:00-09:45
2 класс,вторник,математика,Анастасия,112,2,09:55-10:35
2 класс,вторник,сербский язык,Анастасия,112,3,10:50-11:30
2 класс,вторник,окр.мир,Анастасия,112,4,11:50-12:30
2 класс,вторник,лит.чтение,Анастасия,112,5,12:40-13:20
2 класс,вторник,обед, ,,6,13:30-14:10
2 класс,среда,русский,Анастасия,112,1,09:00-09:45
2 класс,среда,математика,Анастасия,112,2,09:55-10:35
2 класс,среда,творчество,Маша,-21,3,10:50-11:30
2 класс,среда,английский,Анастасия,112,4,11:50-12:30
2 класс,среда,лит. чтение,Аня,112,5,12:40-13:20
2 класс,среда,обед, ,,6,13:30-14:10
2 класс,четверг,русский,Анастасия,112,1,09:00-09:45
2 класс,четверг,сербский язык,Анастасия,112,2,09:55-10:35
2 класс,четверг,математика,Анастасия,112,3,10:50-11:30
2 класс,четверг,творчество,Маша,-21,4,11:50-12:30
2 класс,четверг,английский,Анастасия,112,5,12:40-13:20
2 класс,четверг,обед, ,,6,13:30-14:10
2 класс,пятница,русский,Анастасия,112,1,09:00-09:45
2 класс,пятница,ИЗО,Наталья,112,2,09:55-10:35
2 класс,пятница,лит. чтение,Аня,112,3,10:50-11:30
2 класс,пятница,окр.мир,Анастасия,112,4,11:50-12:30
2 класс,пятница,английский,Анастасия,112,5,12:40-13:20
2 класс,пятница,обед (Аня), ,,6,13:30-14:10
3а класс,понедельник,русский язык,Елизавета,215,1,09:00-09:45
3а класс,понедельник,сербский язык,Анастасия,112,2,09:55-10:35
3а класс,понедельник,математика,Лариса,-11,3,10:50-11:30
3а класс,понедельник,английский,Инна,215,4,11:50-12:30
3а класс,понедельник,музыка,Мария,-21,5,12:40-13:20
3а класс,понедельник,обед (Наталья), ,,6,13:30-14:10
3а класс,вторник,русский язык,Елизавета,215,1,09:00-09:45
3а класс,вторник,ИЗО,Наталья,215,2,09:55-10:35
3а класс,вторник,математика,Лариса,01,3,10:50-11:30
3а класс,вторник,окружающий мир,Николай,-12,4,11:50-12:30
3а класс,вторник,литература,Елизавета,-11,5,12:40-13:20
3а класс,вторник,обед (Наталья), ,,6,13:30-14:10
3а класс,среда,тренинг,Людмила,215,1,09:00-09:45
3а класс,среда,математика,Лариса,01,2,09:55-10:35
3а класс,среда,русский язык,Елизавета,215,3,10:50-11:30
3а класс,среда,литература,Елизавета,-11,4,11:50-12:30
3а класс,среда,английский язык,Инна,215,5,12:40-13:20
3а класс,среда,обед, ,,6,13:30-14:10
3а класс,четверг,литература,Елизавета,-12,1,09:00-09:45
3а класс,четверг,математика,Лариса,-11,2,09:55-10:35
3а класс,четверг,русский язык,Елизавета,215,3,10:50-11:30
3а класс,четверг,сербский язык,Анастасия,112,4,11:50-12:30
3а класс,четверг,английский,Инна,215,5,12:40-13:20
3а класс,четверг,обед   Наталья, ,,6,13:30-14:10
3а класс,пятница,окружающий мир,Николай,-11,1,09:00-09:45
3а класс,пятница,русский язык,Елизавета,215,2,09:55-10:35
3а класс,пятница,английский,Инна,215,3,10:50-11:30
3а класс,пятница,каллиграфия,Мария Владимировна,215,4,11:50-12:30
3а класс,пятница,физкультура,Денис,,5,12:40-13:20
3а класс,пятница,обед (МАКСИМ), ,,6,13:30-14:10
3б класс,понедельник,английский,Инна,215-1,1,09:00-09:45
3б класс,понедельник,тренинг,Людмила,01,2,09:55-10:35
3б класс,понедельник,математика,Лариса,-11,3,10:50-11:30
3б класс,понедельник,сербский язык,Анастасия,215-1,4,11:50-12:30
3б класс,понедельник,русский язык,Елизавета,215-1,5,12:40-13:20
3б класс,понедельник,обед (Наталья), ,,6,13:30-14:10
3б класс,вторник,английский,Инна,215-1,1,09:00-09:45
3б класс,вторник,русский язык,Елизавета,215-1,2,09:55-10:35
3б класс,вторник,математика,Лариса,01,3,10:50-11:30
3б класс,вторник,окружающий мир,Николай,-12,4,11:50-12:30
3б класс,вторник,литература,Елизавета,-11,5,12:40-13:20
3б класс,вторник,обед (Наталья), ,,6,13:30-14:10
3б класс,среда,английский,Инна,215-1,1,09:00-09:45
3б класс,среда,математика,Лариса,01,2,09:55-10:35
3б класс,среда,каллиграфия,Мария Владимировна,215-1,3,10:50-11:30
3б класс,среда,литература,Елизавета,-11,4,11:50-12:30
3б класс,среда,русский язык,Елизавета,215-1,5,12:40-13:20
3б класс,среда,обед, ,,6,13:30-14:10
3б класс,четверг,литература,Елизавета,-12,1,09:00-09:45
3б класс,четверг,математика,Лариса,-11,2,09:55-10:35
3б класс,четверг,английский,Инна,215-1,3,10:50-11:30
3б класс,четверг,русский язык,Елизавета,215-1,4,11:50-12:30
3б класс,четверг,ИЗО,Наталья,215-1,5,12:40-13:20
3б класс,четверг,обед   Наталья, ,,6,13:30-14:10
3б класс,пятница,окружающий мир,Николай,-11,1,09:00-09:45
3б класс,пятница,сербский язык,Анастасия,215-1,2,09:55-10:35
3б класс,пятница,русский язык,Елизавета,215-1,3,10:50-11:30
3б класс,пятница,музыка,Мария,-21,4,11:50-12:30
3б класс,пятница,физкультура,Денис,,5,12:40-13:20
3б класс,пятница,обед (МАКСИМ), ,,6,13:30-14:10
4а класс,понедельник,музыка,Мария,-21,1,09:00-09:45
4а класс,понедельник,математика,Лариса,210,2,09:55-10:35
4а класс,понедельник,ТРИЗ,Виктория,-12,3,10:50-11:30
4а класс,понедельник,русский язык,Елизавета,210,4,11:50-12:30
4а класс,понедельник,ИЗО,Наталья,210,5,12:40-13:20
4а класс,понедельник,обед (Родион), ,,6,13:30-14:10
4а класс,вторник,математика,Лариса,210,1,09:00-09:45
4а класс,вторник,окружающий мир,Николай,210,2,09:55-10:35
4а класс,вторник,русский язык,Елизавета,210,3,10:50-11:30
4а класс,вторник,английский,Инна,210,4,11:50-12:30
4а класс,вторник,театр,Митя,-21,5,12:40-13:20
4а класс,вторник,обед (Родион), ,210,6,13:30-14:10
4а класс,среда,русский язык,Елизавета,210,1,09:00-09:45
4а класс,среда,английский,Инна,210,2,09:55-10:35
4а класс,среда,математика,Лариса,210,3,10:50-11:30
4а класс,среда,каллиграфия,Мария Владимировна,210,4,11:50-12:30
4а класс,среда,сербский язык,Анастасия,210,5,12:40-13:20
4а класс,среда,обед (Родион), ,,6,13:30-14:10
4а класс,четверг,английский,Инна,210,1,09:00-09:45
4а класс,четверг,окружающий мир,Николай,210,2,09:55-10:35
4а класс,четверг,математика,Лариса,210,3,10:50-11:30
4а класс,четверг,тренинг,Людмила,-12,4,11:50-12:30
4а класс,четверг,русский язык,Елизавета,210,5,12:40-13:20
4а класс,четверг,обед (Родион), ,,6,13:30-14:10
4а класс,пятница,русский язык,Елизавета,210,1,09:00-09:45
4а класс,пятница,математика,Лариса,210,2,09:55-10:35
4а класс,пятница,сербский язык,Анастасия,210,3,10:50-11:30
4а класс,пятница,английский,Инна,210,4,11:50-12:30
4а класс,пятница,литература,Елизавета,210,5,12:40-13:20
4а класс,пятница,обед  (Родион) / Литературный сборник, ,,6,13:30-14:10
4б класс,понедельник,математика,Лариса,213,1,09:00-09:45
4б класс,понедельник,русский язык,Елизавета,213,2,09:55-10:35
4б класс,понедельник,ИЗО,Наталья,213,3,10:50-11:30
4б класс,понедельник,литература,Екатерина,213,4,11:50-12:30
4б класс,понедельник,сербский язык,Анастасия,213,5,12:40-13:20
4б класс,понедельник,обед (Родион), ,,6,13:30-14:10
4б класс,вторник,окружающий мир,Николай,213,1,09:00-09:45
4б класс,вторник,математика,Лариса,213,2,09:55-10:35
4б класс,вторник,английский,Инна,213,3,10:50-11:30
4б класс,вторник,русский язык,Елизавета,213,4,11:50-12:30
4б класс,вторник,литература,Екатерина,213,5,12:40-13:20
4б класс,вторник,обед (Родион), ,,6,13:30-14:10
4б класс,среда,математика,Лариса,213,1,09:00-09:45
4б класс,среда,русский язык,Елизавета,213,2,09:55-10:35
4б класс,среда,сербский язык,Анастасия,112,3,10:50-11:30
4б класс,среда,английский,Инна,213,4,11:50-12:30
4б класс,среда,окружающий мир,Николай,213,5,12:40-13:20
4б класс,среда,обед (Родион), ,,6,13:30-14:10
4б класс,четверг,математика,Лариса,213,1,09:00-09:45
4б класс,четверг,русский язык,Елизавета,213,2,09:55-10:35
4б класс,четверг,каллиграфия,Мария Владимировна,213,3,10:50-11:30
4б класс,четверг,английский,Инна,213,4,11:50-12:30
4б класс,четверг,тренинг,Родион,-12,5,12:40-13:20
4б класс,четверг,обед (Родион), ,,6,13:30-14:10
4б класс,пятница,музыка,Мария,-21,1,09:00-09:45
4б класс,пятница,английский,Инна,213,2,09:55-10:35
4б класс,пятница,математика,Лариса,213,3,10:50-11:30
4б класс,пятница,русский язык,Елизавета,213,4,11:50-12:30
4б класс,пятница,литература,Екатерина,213,5,12:40-13:20
4б класс,пятница,обед  (Родион) / Литературный сборник, ,,6,13:30-14:10
5а класс,понедельник,ИЗО,Наталья,214,1,09:00-09:45
5а класс,понедельник,английский,Инна,214,2,09:55-10:35
5а класс,понедельник,русский язык,Екатерина,214,3,10:50-11:30
5а класс,понедельник,математика,Лариса,214,4,11:50-12:30
5а класс,понедельник,литература,Екатерина,214,5,12:40-13:20
5а класс,понедельник,физкультура,Денис,,6,13:30-14:10
5а класс,понедельник,обед, ,,7,14:15-14:35
5а класс,вторник,русский язык,Екатерина,211,1,09:00-09:45
5а класс,вторник,английский,Инна,214,2,09:55-10:35
5а класс,вторник,биология,Николай,214,3,10:50-11:30
5а класс,вторник,литература,Екатерина,214,4,11:50-12:30
5а класс,вторник,математика,Лариса,214,5,12:40-13:20
5а класс,вторник,проекты,Маша,214,6,13:30-14:10
5а класс,вторник,обед, ,,7,14:15-14:35
5а класс,среда,география,Виктория,-12,1,09:00-09:45
5а класс,среда,история,Стася,214,2,09:55-10:35
5а класс,среда,русский язык,Екатерина,214,3,10:50-11:30
5а класс,среда,ТРИЗ,Виктория,-12,4,11:50-12:30
5а класс,среда,математика,Лариса,214,5,12:40-13:20
5а класс,среда,физкультура,Денис,,6,13:30-14:10
5а класс,среда,обед, ,,7,14:15-14:35
5а класс,четверг,литература,Екатерина,214,1,09:00-09:45
5а класс,четверг,английский,Инна,214,2,09:55-10:35
5а класс,четверг,русский язык,Екатерина,214,3,10:50-11:30
5а класс,четверг,математика,Лариса,214,4,11:50-12:30
5а класс,четверг,история,Стася,01,5,12:40-13:20
5а класс,четверг,тренинг,Анастасия Х.,211,6,13:30-14:10
5а класс,четверг,обед, ,,7,14:15-14:35
5а класс,пятница,английский,Инна,214,1,09:00-09:45
5а класс,пятница,информатика,Лариса С.,212,2,09:55-10:35
5а класс,пятница,ИЗО,Наталья,214,3,10:50-11:30
5а класс,пятница,русский язык,Екатерина,214,4,11:50-12:30
5а класс,пятница,математика,Лариса,214,5,12:40-13:20
5а класс,пятница,творчество,Маша,-21,6,13:30-14:10
5а класс,пятница,обед, ,,7,14:15-14:35
5б класс,понедельник,русский язык,Екатерина,211,1,09:00-09:45
5б класс,понедельник,литература,Екатерина,211,2,09:55-10:35
5б класс,понедельник,английский,Инна,211,3,10:50-11:30
5б класс,понедельник,ТРИЗ,Виктория,-12,4,11:50-12:30
5б класс,понедельник,математика,Лариса,211,5,12:40-13:20
5б класс,понедельник,физкультура,Денис,,6,13:30-14:10
5б класс,понедельник,обед, ,,7,14:15-14:35
5б класс,вторник,проекты,Маша,-21,1,09:00-09:45
5б класс,вторник,русский язык,Екатерина,211,2,09:55-10:35
5б класс,вторник,история,Стася,211,3,10:50-11:30
5б класс,вторник,математика,Лариса,211,4,11:50-12:30
5б класс,вторник,английский,Инна,211,5,12:40-13:20
5б класс,вторник,биология,Николай,211,6,13:30-14:10
5б класс,вторник,обед, ,,7,14:15-14:35
5б класс,среда,география,Виктория,-12,1,09:00-09:45
5б класс,среда,информатика,Фил,212,2,09:55-10:35
5б класс,среда,английский,Инна,211,3,10:50-11:30
5б класс,среда,математика,Лариса,211,4,11:50-12:30
5б класс,среда,русский язык,Екатерина,211,5,12:40-13:20
5б класс,среда,физкультура,Денис,,6,13:30-14:10
5б класс,среда,обед, ,,7,14:15-14:35
5б класс,четверг,ИЗО,Наталья,211,1,09:00-09:45
5б класс,четверг,русский язык,Екатерина,211,2,09:55-10:35
5б класс,четверг,история,Стася,01,3,10:50-11:30
5б класс,четверг,литература,Екатерина,211,4,11:50-12:30
5б класс,четверг,математика,Лариса,211,5,12:40-13:20
5б класс,четверг,творчество,Маша,-21,6,13:30-14:10
5б класс,четверг,обед, ,,7,14:15-14:35
5б класс,пятница,математика,Лариса,211,1,09:00-09:45
5б класс,пятница,русский язык,Екатерина,211,2,09:55-10:35
5б класс,пятница,литература,Екатерина,211,3,10:50-11:30
5б класс,пятница,тренинг,Анастасия Х.,211,4,11:50-12:30
5б класс,пятница,английский,Инна,211,5,12:40-13:20
5б класс,пятница,ИЗО,Наталья,211,6,13:30-14:10
5б класс,пятница,обед, ,,7,14:15-14:35
6а класс,понедельник,математика,Лариса С.,212,1,09:00-09:45
6а класс,понедельник,русский язык,Ольга Николаевна,209,2,09:55-10:35
6а класс,понедельник,английский,Елена,210,3,10:50-11:30
6а класс,понедельник,биология,Николай,211,4,11:50-12:30
6а класс,понедельник,тренинг,Анастасия Х.,-11,5,12:40-13:20
6а класс,понедельник,литература,Стася,01,6,13:30-14:10
6а класс,понедельник,обед, ,,7,14:15-14:35
6а класс,вторник,английский,Елена,214,1,09:00-09:45
6а класс,вторник,математика,Лариса С.,212,2,09:55-10:35
6а класс,вторник,русский язык,Ольга Николаевна,209,3,10:50-11:30
6а класс,вторник,математика+,Лариса С.,212,4,11:50-12:30
6а класс,вторник,история,Стася,01,5,12:40-13:20
6а класс,вторник,физкультура,Анатолий,,6,13:30-14:10
6а класс,вторник,обед, ,,7,14:15-14:35
6а класс,среда,информатика,Фил,212,1,09:00-09:45
6а класс,среда,биология,Николай,215,2,09:55-10:35
6а класс,среда,русский язык,Ольга Николаевна,209,3,10:50-11:30
6а класс,среда,английский,Елена,214,4,11:50-12:30
6а класс,среда,МХК/ТРИЗ,Виктория,-12,5,12:40-13:20
6а класс,среда,литература,Стася,01,6,13:30-14:10
6а класс,среда,обед, ,,7,14:15-14:35
6а класс,четверг,английский,Елена,215,1,09:00-09:45
6а класс,четверг,классный час,Анастасия Х.,-12,2,09:55-10:35
6а класс,четверг,математика,Лариса С.,212,3,10:50-11:30
6а класс,четверг,история,Стася,01,4,11:50-12:30
6а класс,четверг,русский язык,Ольга Николаевна,209,5,12:40-13:20
6а класс,четверг,физкультура,Анатолий,,6,13:30-14:10
6а класс,четверг,обед, ,,7,14:15-14:35
6а класс,пятница,география,Виктория,-12,1,09:00-09:45
6а класс,пятница,география,Виктория,-12,2,09:55-10:35
6а класс,пятница,русский язык,Ольга Николаевна,209,3,10:50-11:30
6а класс,пятница,литература,Стася,01,4,11:50-12:30
6а класс,пятница,математика,Лариса С.,212,5,12:40-13:20
6а класс,пятница,классный час,Анастасия Х.,-11,6,13:30-14:10
6а класс,пятница,обед, ,,7,14:15-14:35
6б класс,понедельник,русский язык,Ольга Николаевна,209,1,09:00-09:45
6б класс,понедельник,математика,Лариса С.,210-1,2,09:55-10:35
6б класс,понедельник,биология,Николай,210-1,3,10:50-11:30
6б класс,понедельник,английский,Елена,211-1,4,11:50-12:30
6б класс,понедельник,тренинг,Анастасия Х.,-11,5,12:40-13:20
6б класс,понедельник,литература,Стася,01,6,13:30-14:10
6б класс,понедельник,обед, ,,7,14:15-14:35
6б класс,вторник,математика,Лариса С.,212-1,1,09:00-09:45
6б класс,вторник,русский язык,Ольга Николаевна,212-1,2,09:55-10:35
6б класс,вторник,математика+,Лариса С.,212,3,10:50-11:30
6б класс,вторник,английский,Елена,211-1,4,11:50-12:30
6б класс,вторник,история,Стася,01,5,12:40-13:20
6б класс,вторник,физкультура,Анатолий,,6,13:30-14:10
6б класс,вторник,обед, ,,7,14:15-14:35
6б класс,среда,русский язык,Ольга Николаевна,209,1,09:00-09:45
6б класс,среда,биология,Николай,215,2,09:55-10:35
6б класс,среда,английский,Елена,210-1,3,10:50-11:30
6б класс,среда,информатика,Фил,212-1,4,11:50-12:30
6б класс,среда,МХК/ТРИЗ,Виктория,-12,5,12:40-13:20
6б класс,среда,литература,Стася,01,6,13:30-14:10
6б класс,среда,обед, ,,7,14:15-14:35
6б класс,четверг,русский язык,Ольга Николаевна,211-1,1,09:00-09:45
6б класс,четверг,классный час,Анастасия Х.,-12,2,09:55-10:35
6б класс,четверг,английский,Елена,211-1,3,10:50-11:30
6б класс,четверг,история,Стася,01,4,11:50-12:30
6б класс,четверг,математика,Лариса С.,212-1,5,12:40-13:20
6б класс,четверг,физкультура,Анатолий,,6,13:30-14:10
6б класс,четверг,обед, ,,7,14:15-14:35
6б класс,пятница,география,Виктория,-12,1,09:00-09:45
6б класс,пятница,география,Виктория,-12,2,09:55-10:35
6б класс,пятница,математика,Лариса С.,212,3,10:50-11:30
6б класс,пятница,русский язык,Ольга Николаевна,212-1,4,11:50-12:30
6б класс,пятница,литература,Стася,212-1,5,12:40-13:20
6б класс,пятница,классный час,Анастасия Х.,-11,6,13:30-14:10
6б класс,пятница,обед, ,,7,14:15-14:35
7а класс,понедельник,общество,Стася,01,1,09:00-09:45
7а класс,понедельник,история,Стася,215-1,2,09:55-10:35
7а класс,понедельник,русский язык,Елизавета,211-1,3,10:50-11:30
7а класс,понедельник,физика,Евгения,-11,4,11:50-12:30
7а класс,понедельник,алгебра,Лариса С.,212-1,5,12:40-13:20
7а класс,понедельник,биология,Николай,209,6,13:30-14:10
7а класс,понедельник,обед, ,,7,14:15-14:35
7а класс,вторник,русский язык сам. раб.,Елизавета,209-1,1,09:00-09:45
7а класс,вторник,литература,Стася,01,2,09:55-10:35
7а класс,вторник,английский,Татьяна Ивановна,211-1,3,10:50-11:30
7а класс,вторник,физика,Евгения,-11,4,11:50-12:30
7а класс,вторник,алгебра,Лариса С.,211-1,5,12:40-13:20
7а класс,вторник,физкультура,Анатолий,,6,13:30-14:10
7а класс,вторник,обед, ,,7,14:15-14:35
7а класс,среда,биология,Николай,-11,1,09:00-09:45
7а класс,среда,география,Виктория,-12,2,09:55-10:35
7а класс,среда,география,Виктория,-12,3,10:50-11:30
7а класс,среда,история,Стася,01,4,11:50-12:30
7а класс,среда,информатика,Фил,212,5,12:40-13:20
7а класс,среда,русский язык,Елизавета,214,6,13:30-14:10
7а класс,среда,обед, ,,7,14:15-14:35
7а класс,четверг,литература,Стася,01,1,09:00-09:45
7а класс,четверг,геометрия,Лариса С.,211-1,2,09:55-10:35
7а класс,четверг,русский язык сам. раб.,Елизавета,209-1,3,10:50-11:30
7а класс,четверг,алгебра,Лариса С.,212,4,11:50-12:30
7а класс,четверг,английский,Татьяна Ивановна,211-1,5,12:40-13:20
7а класс,четверг,физкультура,Анатолий,,6,13:30-14:10
7а класс,четверг,обед, ,,7,14:15-14:35
7а класс,пятница,алгебра,Лариса С.,211-1,1,09:00-09:45
7а класс,пятница,английский,Татьяна Ивановна,211-1,2,09:55-10:35
7а класс,пятница,английский,Татьяна Ивановна,211-1,3,10:50-11:30
7а класс,пятница,геометрия,Евгения,211-1,4,11:50-12:30
7а класс,пятница,МХК/ТРИЗ,Виктория,-12,5,12:40-13:20
7а класс,пятница,литература,Стася,01,6,13:30-14:10
7а класс,пятница,обед, ,,7,14:15-14:35
7б класс,понедельник,общество,Стася,01,1,09:00-09:45
7б класс,понедельник,история,Стася,215-1,2,09:55-10:35
7б класс,понедельник,русский язык,Ольга Николаевна,209,3,10:50-11:30
7б класс,понедельник,физика,Евгения,-11,4,11:50-12:30
7б класс,понедельник,алгебра,Евгения,212,5,12:40-13:20
7б класс,понедельник,биология,Николай,209,6,13:30-14:10
7б класс,понедельник,обед, ,,7,14:15-14:35
7б класс,вторник,русский язык,Ольга Николаевна,209,1,09:00-09:45
7б класс,вторник,литература,Стася,01,2,09:55-10:35
7б класс,вторник,английский,Елена,212-1,3,10:50-11:30
7б класс,вторник,физика,Евгения,-11,4,11:50-12:30
7б класс,вторник,алгебра,Евгения,210,5,12:40-13:20
7б класс,вторник,физкультура,Анатолий,,6,13:30-14:10
7б класс,вторник,обед, ,,7,14:15-14:35
7б класс,среда,биология,Николай,-11,1,09:00-09:45
7б класс,среда,география,Виктория,-12,2,09:55-10:35
7б класс,среда,география,Виктория,-12,3,10:50-11:30
7б класс,среда,история,Стася,01,4,11:50-12:30
7б класс,среда,геметрия,Евгения,-11,5,12:40-13:20
7б класс,среда,русский язык,Ольга Николаевна,211,6,13:30-14:10
7б класс,среда,обед, ,,7,14:15-14:35
7б класс,четверг,литература,Стася,01,1,09:00-09:45
7б класс,четверг,алгебра,Евгения,215,2,09:55-10:35
7б класс,четверг,русский язык,Ольга Николаевна,209,3,10:50-11:30
7б класс,четверг,геометрия,Евгения,210,4,11:50-12:30
7б класс,четверг,английский,Елена,210-1,5,12:40-13:20
7б класс,четверг,физкультура,Анатолий,,6,13:30-14:10
7б класс,четверг,обед, ,,7,14:15-14:35
7б класс,пятница,алгебра,Евгения,215,1,09:00-09:45
7б класс,пятница,английский,Елена,210-1,2,09:55-10:35
7б класс,пятница,английский,Елена,210-1,3,10:50-11:30
7б класс,пятница,информатика,Лариса С.,212,4,11:50-12:30
7б класс,пятница,МХК/ТРИЗ,Виктория,-12,5,12:40-13:20
7б класс,пятница,литература,Стася,01,6,13:30-14:10
7б класс,пятница,обед, ,,7,14:15-14:35
8а класс,понедельник,география,Виктория,-12,1,09:00-09:45
8а класс,понедельник,география,Виктория,-12,2,09:55-10:35
8а класс,понедельник,алгебра,Евгения,212-1,3,10:50-11:30
8а класс,понедельник,история,Стася,01,4,11:50-12:30
8а класс,понедельник,общество,Стася,01,5,12:40-13:20
8а класс,понедельник,русский язык,Ольга Николаевна,211,6,13:30-14:10
8а класс,понедельник,обед, ,,7,14:15-14:35
8а класс,вторник,литература,Стася,01,1,09:00-09:45
8а класс,вторник,геометрия,Евгения,-11,2,09:55-10:35
8а класс,вторник,физика,Евгения,-11,3,10:50-11:30
8а класс,вторник,английский,Татьяна Ивановна,212-1,4,11:50-12:30
8а класс,вторник,английский,Татьяна Ивановна,212-1,5,12:40-13:20
8а класс,вторник,алгебра,Евгения,210-1,6,13:30-14:10
8а класс,вторник,обед, ,,7,14:15-14:35
8а класс,среда,история,Стася,01,1,09:00-09:45
8а класс,среда,физика,Евгения,-11,2,09:55-10:35
8а класс,среда,информатика,Фил,212-1,3,10:50-11:30
8а класс,среда,алгебра,Евгения,211-1,4,11:50-12:30
8а класс,среда,литература,Стася,01,5,12:40-13:20
8а класс,среда,биология,Николай,-11,6,13:30-14:10
8а класс,среда,обед, ,,7,14:15-14:35
8а класс,четверг,геометрия,Евгения,210-1,1,09:00-09:45
8а класс,четверг,русский язык,Ольга Николаевна,209,2,09:55-10:35
8а класс,четверг,английский,Татьяна Ивановна,210-1,3,10:50-11:30
8а класс,четверг,химия,Николай,-11,4,11:50-12:30
8а класс,четверг,биология,Николай,-11,5,12:40-13:20
8а класс,четверг,литература,Стася,01,6,13:30-14:10
8а класс,четверг,обед, ,,7,14:15-14:35
8а класс,пятница,английский,Татьяна Ивановна,210-1,1,09:00-09:45
8а класс,пятница,алгебра,Евгения,212-1,2,09:55-10:35
8а класс,пятница,химия,Николай,-11,3,10:50-11:30
8а класс,пятница,МХК/ТРИЗ,Виктория,-12,4,11:50-12:30
8а класс,пятница,русский язык,Ольга Николаевна,210-1,5,12:40-13:20
8а класс,пятница,МХК/ТРИЗ,Виктория,-12,6,13:30-14:10
8а класс,пятница,обед, ,,7,14:15-14:35
8б класс,понедельник,география,Виктория,-12,1,09:00-09:45
8б класс,понедельник,география,Виктория,-12,2,09:55-10:35
8б класс,понедельник,алгебра,Елена Юрьевна,212,3,10:50-11:30
8б класс,понедельник,история,Стася,01,4,11:50-12:30
8б класс,понедельник,общество,Стася,01,5,12:40-13:20
8б класс,понедельник,информатика,Лариса С.,212,6,13:30-14:10
8б класс,понедельник,обед, ,,7,14:15-14:35
8б класс,вторник,литература,Стася,01,1,09:00-09:45
8б класс,вторник,алгебра,Елена Юрьевна,209,2,09:55-10:35
8б класс,вторник,физика,Евгения,-11,3,10:50-11:30
8б класс,вторник,русский язык,Ольга Николаевна,209,4,11:50-12:30
8б класс,вторник,английский,Елена,212,5,12:40-13:20
8б класс,вторник,английский,Елена,212,6,13:30-14:10
8б класс,вторник,обед, ,,7,14:15-14:35
8б класс,среда,история,Стася,01,1,09:00-09:45
8б класс,среда,физика,Евгения,-11,2,09:55-10:35
8б класс,среда,алгебра,Елена Юрьевна,212,3,10:50-11:30
8б класс,среда,русский язык,Ольга Николаевна,212,4,11:50-12:30
8б класс,среда,литература,Стася,01,5,12:40-13:20
8б класс,среда,биология,Николай,-11,6,13:30-14:10
8б класс,среда,обед, ,,7,14:15-14:35
8б класс,четверг,алгебра,Елена Юрьевна,209,1,09:00-09:45
8б класс,четверг,английский,Елена,212,2,09:55-10:35
8б класс,четверг,геометрия,Евгения,211,3,10:50-11:30
8б класс,четверг,химия,Николай,-11,4,11:50-12:30
8б класс,четверг,биология,Николай,-11,5,12:40-13:20
8б класс,четверг,литература,Стася,01,6,13:30-14:10
8б класс,четверг,обед, ,,7,14:15-14:35
8б класс,пятница,английский,Елена,212,1,09:00-09:45
8б класс,пятница,русский язык,Ольга Николаевна,209,2,09:55-10:35
8б класс,пятница,химия,Николай,-11,3,10:50-11:30
8б класс,пятница,МХК/ТРИЗ,Виктория,-12,4,11:50-12:30
8б класс,пятница,геометрия,Евгения,209,5,12:40-13:20
8б класс,пятница,информатика,Лариса С.,212,6,13:30-14:10
8б класс,пятница,обед, ,,7,14:15-14:35
9а класс,понедельник,алгебра,Евгения,212-1,1,09:00-09:45
9а класс,понедельник,геометрия,Евгения,212-1,2,09:55-10:35
9а класс,понедельник,общество,Стася,01,3,10:50-11:30
9а класс,понедельник,русский язык,Ольга Николаевна,209,4,11:50-12:30
9а класс,понедельник,английский,Елена,210-1,5,12:40-13:20
9а класс,понедельник,литература,Екатерина,-11,6,13:30-14:10
9а класс,понедельник,обед, ,,7,14:15-14:35
9а класс,вторник,алгебра,Евгения,-11,1,09:00-09:45
9а класс,вторник,самоподготовка,None,211-1,2,09:55-10:35
9а класс,вторник,литература,Екатерина,-12,3,10:50-11:30
9а класс,вторник,тренинг,Юля,-21,4,11:50-12:30
9а класс,вторник,химия,Николай,-12,5,12:40-13:20
9а класс,вторник,история,Стася,01,6,13:30-14:10
9а класс,вторник,обед, ,,7,14:15-14:35
9а класс,среда,геометрия,Евгения,212-1,1,09:00-09:45
9а класс,среда,русский язык,Ольга Николаевна,209,2,09:55-10:35
9а класс,среда,физика,Евгения,-11,3,10:50-11:30
9а класс,среда,литература,Екатерина,209,4,11:50-12:30
9а класс,среда,английский,Елена,212-1,5,12:40-13:20
9а класс,среда,география,Виктория,-12,6,13:30-14:10
9а класс,среда,обед, ,,7,14:15-14:35
9а класс,четверг,информатика,Фил,212,1,09:00-09:45
9а класс,четверг,история,Стася,01,2,09:55-10:35
9а класс,четверг,биология,Николай,-12,3,10:50-11:30
9а класс,четверг,русский язык,Ольга Николаевна,209,4,11:50-12:30
9а класс,четверг,алгебра,Евгения,213,5,12:40-13:20
9а класс,четверг,физика,Евгения,-11,6,13:30-14:10
9а класс,четверг,обед, ,,7,14:15-14:35
9а класс,пятница,общество,Стася,01,1,09:00-09:45
9а класс,пятница,химия,Николай,-11,2,09:55-10:35
9а класс,пятница,алгебра,Евгения,212-1,3,10:50-11:30
9а класс,пятница,биология,Николай,-11,4,11:50-12:30
9а класс,пятница,английский,Елена,01,5,12:40-13:20
9а класс,пятница,английский,Елена,211-1,6,13:30-14:10
9а класс,пятница,обед, ,,7,14:15-14:35
9б класс,понедельник,геометрия,Елена Юрьевна,210,1,09:00-09:45
9б класс,понедельник,алгебра,Елена Юрьевна,212,2,09:55-10:35
9б класс,понедельник,общество,Стася,01,3,10:50-11:30
9б класс,понедельник,информатика,Лариса С.,212,4,11:50-12:30
9б класс,понедельник,русский язык,Ольга Николаевна,209,5,12:40-13:20
9б класс,понедельник,литература,Екатерина,-11,6,13:30-14:10
9б класс,понедельник,обед, ,,7,14:15-14:35
9б класс,вторник,алгебра,Елена Юрьевна,212,1,09:00-09:45
9б класс,вторник,английский,Елена,210-1,2,09:55-10:35
9б класс,вторник,литература,Екатерина,-12,3,10:50-11:30
9б класс,вторник,тренинг,Юля,-21,4,11:50-12:30
9б класс,вторник,химия,Николай,-12,5,12:40-13:20
9б класс,вторник,история,Стася,01,6,13:30-14:10
9б класс,вторник,обед, ,,7,14:15-14:35
9б класс,среда,геометрия,Елена Юрьевна,214,1,09:00-09:45
9б класс,среда,английский,Елена,211,2,09:55-10:35
9б класс,среда,физика,Евгения,-11,3,10:50-11:30
9б класс,среда,литература,Екатерина,209,4,11:50-12:30
9б класс,среда,русский язык,Ольга Николаевна,209,5,12:40-13:20
9б класс,среда,география,Виктория,-12,6,13:30-14:10
9б класс,среда,обед, ,,7,14:15-14:35
9б класс,четверг,информатика,Лариса С.,212-1,1,09:00-09:45
9б класс,четверг,история,Стася,01,2,09:55-10:35
9б класс,четверг,биология,Николай,-12,3,10:50-11:30
9б класс,четверг,английский,Елена,211-1,4,11:50-12:30
9б класс,четверг,алгебра,Елена Юрьевна,214,5,12:40-13:20
9б класс,четверг,физика,Евгения,-11,6,13:30-14:10
9б класс,четверг,обед, ,,7,14:15-14:35
9б класс,пятница,общество,Стася,01,1,09:00-09:45
9б класс,пятница,химия,Николай,-11,2,09:55-10:35
9б класс,пятница,алгебра,Елена Юрьевна,-12,3,10:50-11:30
9б класс,пятница,биология,Николай,-11,4,11:50-12:30
9б класс,пятница,английский,Елена,01,5,12:40-13:20
9б класс,пятница,русский язык,Ольга Николаевна,214,6,13:30-14:10
9б класс,пятница,обед, ,,7,14:15-14:35
10а класс,понедельник,биология,Николай,-11,1,09:00-09:45
10а класс,понедельник,физика,Олег,-11,2,09:55-10:35
10а класс,понедельник,геометрия,Олег,215,3,10:50-11:30
10а класс,понедельник,алгебра,Елена Юрьевна,210-1,4,11:50-12:30
10а класс,понедельник,география,Виктория,-12,5,12:40-13:20
10а класс,понедельник,география,Виктория,-12,6,13:30-14:10
10а класс,понедельник,обед, ,,7,14:15-14:35
10а класс,вторник,английский,Татьяна Ивановна,-12,1,09:00-09:45
10а класс,вторник,английский,Татьяна Ивановна,-12,2,09:55-10:35
10а класс,вторник,тренинг,Юля,-21,3,10:50-11:30
10а класс,вторник,история,Стася,01,4,11:50-12:30
10а класс,вторник,русский язык,Ольга Николаевна,209,5,12:40-13:20
10а класс,вторник,литература,Екатерина,209,6,13:30-14:10
10а класс,вторник,обед, ,,7,14:15-14:35
10а класс,среда,информатика,Олег,211,1,09:00-09:45
10а класс,среда,алгебра,Елена Юрьевна,210-1,2,09:55-10:35
10а класс,среда,история,Стася,01,3,10:50-11:30
10а класс,среда,биология,Николай,215,4,11:50-12:30
10а класс,среда,алгебра,Елена Юрьевна,210-1,5,12:40-13:20
10а класс,среда,литература,Екатерина,209,6,13:30-14:10
10а класс,среда,обед, ,,7,14:15-14:35
10а класс,четверг,химия,Николай,-11,1,09:00-09:45
10а класс,четверг,алгебра,Елена Юрьевна,210-1,2,09:55-10:35
10а класс,четверг,геометрия,Олег,-11,3,10:50-11:30
10а класс,четверг,английский,Татьяна Ивановна,210,4,11:50-12:30
10а класс,четверг,информатика,Олег,212,5,12:40-13:20
10а класс,четверг,физика,Олег,212,6,13:30-14:10
10а класс,четверг,обед, ,,7,14:15-14:35
10а класс,пятница,русский язык,Ольга Николаевна,209,1,09:00-09:45
10а класс,пятница,общество,Стася,01,2,09:55-10:35
10а класс,пятница,история,Стася,01,3,10:50-11:30
10а класс,пятница,английский,Татьяна Ивановна,209,4,11:50-12:30
10а класс,пятница,химия,Николай,-11,5,12:40-13:20
10а класс,пятница,литература,Екатерина,209,6,13:30-14:10
10а класс,пятница,обед, ,,7,14:15-14:35
10б класс,понедельник,биология,Николай,-11,1,09:00-09:45
10б класс,понедельник,физика,Олег,-11,2,09:55-10:35
10б класс,понедельник,геометрия,Олег,215,3,10:50-11:30
10б класс,понедельник,алгебра,Олег,212-1,4,11:50-12:30
10б класс,понедельник,география,Виктория,-12,5,12:40-13:20
10б класс,понедельник,география,Виктория,-12,6,13:30-14:10
10б класс,понедельник,обед, ,,7,14:15-14:35
10б класс,вторник,английский,Татьяна Ивановна,-12,1,09:00-09:45
10б класс,вторник,английский,Татьяна Ивановна,-12,2,09:55-10:35
10б класс,вторник,тренинг,Юля,-21,3,10:50-11:30
10б класс,вторник,история,Стася,01,4,11:50-12:30
10б класс,вторник,русский язык,Ольга Николаевна,209,5,12:40-13:20
10б класс,вторник,литература,Екатерина,209,6,13:30-14:10
10б класс,вторник,обед, ,,7,14:15-14:35
10б класс,среда,информатика,Олег,211,1,09:00-09:45
10б класс,среда,алгебра,Олег,212-1,2,09:55-10:35
10б класс,среда,история,Стася,01,3,10:50-11:30
10б класс,среда,биология,Николай,215,4,11:50-12:30
10б класс,среда,алгебра,Олег,211-1,5,12:40-13:20
10б класс,среда,литература,Екатерина,209,6,13:30-14:10
10б класс,среда,обед, ,,7,14:15-14:35
10б класс,четверг,химия,Николай,-11,1,09:00-09:45
10б класс,четверг,алгебра,Олег,212-1,2,09:55-10:35
10б класс,четверг,геометрия,Олег,-11,3,10:50-11:30
10б класс,четверг,английский,Татьяна Ивановна,210,4,11:50-12:30
10б класс,четверг,информатика,Олег,212,5,12:40-13:20
10б класс,четверг,физика,Олег,212,6,13:30-14:10
10б класс,четверг,обед, ,,7,14:15-14:35
10б класс,пятница,русский язык,Ольга Николаевна,209,1,09:00-09:45
10б класс,пятница,общество,Стася,01,2,09:55-10:35
10б класс,пятница,история,Стася,01,3,10:50-11:30
10б класс,пятница,английский,Татьяна Ивановна,209,4,11:50-12:30
10б класс,пятница,химия,Николай,-11,5,12:40-13:20
10б класс,пятница,литература,Екатерина,209,6,13:30-14:10
10б класс,пятница,обед, ,,7,14:15-14:35
